chave_orcamento,cliente,vendedor,data_orcamento_dt,data_pedido_dt,data_faturamento_dt,teve_revisao,qtd_revisoes,ultima_revisao,status_atual,valor_total,primeira_aparicao_dt,ultima_atualizacao_dt
5535,,,2026-01-09,,,False,0,0,ORCAMENTO,6920.0,2026-01-15 18:00:08,2026-01-15 18:00:08
5601,MERITOR DO BRASIL,MARILENE,2026-01-05,,,True,1,1,ORCAMENTO,8420.0,2026-01-15 18:00:08,2026-01-15 18:00:08
1,VEDAFORT,CARLA,2026-01-05,,,False,0,0,ORCAMENTO,2360.0,2026-01-15 18:00:08,2026-01-15 18:00:08
2,M DA LUZ -,ARTHUR,2026-01-05,,,False,0,0,ORCAMENTO,2360.0,2026-01-15 18:00:08,2026-01-15 18:00:08
3,PIRACANJUBA,CARLA,2026-01-05,,,False,0,0,ORCAMENTO,500.0,2026-01-15 18:00:08,2026-01-15 18:00:08
6,TSM TECNOLOGIA -,ARTHUR,2026-01-05,,,False,0,0,ORCAMENTO,1772.0,2026-01-15 18:00:08,2026-01-15 18:00:08
9,FRANIK -,ARTHUR,2026-01-05,,,False,0,0,ORCAMENTO,1212.0,2026-01-15 18:00:08,2026-01-15 18:00:08
10,FALCARE,MARILENE,2026-01-05,,,False,0,0,ORCAMENTO,3842.0,2026-01-15 18:00:08,2026-01-15 18:00:08
12,SLG COMERCIO -,ARTHUR,2026-01-05,,,False,0,0,ORCAMENTO,4543.0,2026-01-15 18:00:08,2026-01-15 18:00:08
13,CBV,CARLA,2026-01-05,,,False,0,0,ORCAMENTO,1065.6,2026-01-15 18:00:08,2026-01-15 18:00:08
14,SLG COMERCIO -,ARTHUR,2026-01-05,,,False,0,0,ORCAMENTO,6248.0,2026-01-15 18:00:08,2026-01-15 18:00:08
15,ACEPIL,MARILENE,2026-01-05,,,False,0,0,ORCAMENTO,2820.0,2026-01-15 18:00:08,2026-01-15 18:00:08
16,ALCONEX,ROMULO,2026-01-05,,,False,0,0,ORCAMENTO,2077.74,2026-01-15 18:00:08,2026-01-15 18:00:08
18,ACEPIL,CARLA,2026-01-05,,,False,0,0,ORCAMENTO,2820.0,2026-01-15 18:00:08,2026-01-15 18:00:08
19,INDUMAX,MARILENE,2026-01-05,,,False,0,0,ORCAMENTO,3760.0,2026-01-15 18:00:08,2026-01-15 18:00:08
20,DINAMICA,ROMULO,2026-01-05,,,False,0,0,ORCAMENTO,863.0,2026-01-15 18:00:08,2026-01-15 18:00:08
24,ESPECULAÇO,ROMULO,2026-01-05,,,False,0,0,ORCAMENTO,12616.0,2026-01-15 18:00:08,2026-01-15 18:00:08
26,CONEFLANGE,CARLA,2026-01-05,,,False,0,0,ORCAMENTO,5310.0,2026-01-15 18:00:08,2026-01-15 18:00:08
27,CONDUMAX,ROMULO,2026-01-05,,,False,0,0,ORCAMENTO,1007.0,2026-01-15 18:00:08,2026-01-15 18:00:08
29,AMPLITHERM -,ARTHUR,2026-01-05,,,False,0,0,ORCAMENTO,5133.0,2026-01-15 18:00:08,2026-01-15 18:00:08
30,HITECH,CARLA,2026-01-05,,,False,0,0,ORCAMENTO,1304.8,2026-01-15 18:00:08,2026-01-15 18:00:08
32,ACEPIL,CARLA,2026-01-05,,,False,0,0,ORCAMENTO,1137.6,2026-01-15 18:00:08,2026-01-15 18:00:08
33,CIRMONT,CARLA,2026-01-05,,,False,0,0,ORCAMENTO,668.0,2026-01-15 18:00:08,2026-01-15 18:00:08
35,BVI,ROMULO,2026-01-05,,,False,0,0,ORCAMENTO,36076.0,2026-01-15 18:00:08,2026-01-15 18:00:08
36,ACEPIL,CARLA,2026-01-05,,,False,0,0,ORCAMENTO,1119.6,2026-01-15 18:00:08,2026-01-15 18:00:08
37,TOPFLOW,CARLA,2026-01-05,,,False,0,0,ORCAMENTO,538.85,2026-01-15 18:00:08,2026-01-15 18:00:08
38,PETROBRAS,MARILENE,2026-01-05,,,False,0,0,ORCAMENTO,14624.0,2026-01-15 18:00:08,2026-01-15 18:00:08
40,CONEVAS,MARILENE,2026-01-05,,,True,1,1,ORCAMENTO,838.0,2026-01-15 18:00:08,2026-01-15 18:00:08
41,MAKE,MARILENE,2026-01-05,,,False,0,0,ORCAMENTO,1910.0,2026-01-15 18:00:08,2026-01-15 18:00:08
42,CBV,CARLA,2026-01-06,,,False,0,0,ORCAMENTO,2100.6,2026-01-15 18:00:08,2026-01-15 18:00:08
43,PS COMBUSTÃO,MARILENE,2026-01-06,,,False,0,0,ORCAMENTO,1353.0,2026-01-15 18:00:08,2026-01-15 18:00:08
44,AUTOVAL,CARLA,2026-01-06,,,False,0,0,ORCAMENTO,2180.0,2026-01-15 18:00:08,2026-01-15 18:00:08
46,ACEPIL,MARILENE,2026-01-06,,,False,0,0,ORCAMENTO,11976.0,2026-01-15 18:00:08,2026-01-15 18:00:08
49,ENERG,MARILENE,2026-01-06,2026-01-19,2026-01-19,True,1,1,FATURADO,7368.0,2026-01-15 18:00:08,2026-01-21 16:59:32
51,PS COMBUSTÃO,MARILENE,2026-01-06,,,False,0,0,ORCAMENTO,2142.0,2026-01-15 18:00:08,2026-01-15 18:00:08
52,ACEPIL,ROMULO,2026-01-06,,,False,0,0,ORCAMENTO,482.0,2026-01-15 18:00:08,2026-01-15 18:00:08
53,ACEPIL,CARLA,2026-01-06,2026-01-21,2026-01-21,False,0,0,FATURADO,607.8,2026-01-15 18:00:08,2026-01-21 16:59:32
54,BETAWORKS,CARLA,2026-01-06,,,False,0,0,ORCAMENTO,2730.0,2026-01-15 18:00:08,2026-01-15 18:00:08
56,ACEPIL,CARLA,2026-01-06,,,False,0,0,ORCAMENTO,960.0,2026-01-15 18:00:08,2026-01-15 18:00:08
57,MECA,MARILENE,2026-01-06,,,False,0,0,ORCAMENTO,3760.0,2026-01-15 18:00:08,2026-01-15 18:00:08
58,TEC GAS,MARILENE,2026-01-06,,,False,0,0,ORCAMENTO,900.0,2026-01-15 18:00:08,2026-01-15 18:00:08
59,ALFA LAVAL,CARLA,2026-01-06,,,False,0,0,ORCAMENTO,1950.0,2026-01-15 18:00:08,2026-01-15 18:00:08
60,MENDES HOLLER,MARILENE,2026-01-06,,,False,0,0,ORCAMENTO,11346.0,2026-01-15 18:00:08,2026-01-15 18:00:08
61,ZENITH,CARLA,2026-01-06,,,False,0,0,ORCAMENTO,15750.0,2026-01-15 18:00:08,2026-01-15 18:00:08
62,JPX,MARILENE,2026-01-06,,,False,0,0,ORCAMENTO,18100.0,2026-01-15 18:00:08,2026-01-15 18:00:08
63,JPX,MARILENE,2026-01-06,,,False,0,0,ORCAMENTO,1523.0,2026-01-15 18:00:08,2026-01-15 18:00:08
64,MEGA,MARILENE,2026-01-06,,,False,0,0,ORCAMENTO,616.0,2026-01-15 18:00:08,2026-01-15 18:00:08
65,BETAWORKS,CARLA,2026-01-06,,,False,0,0,ORCAMENTO,845.0,2026-01-15 18:00:08,2026-01-15 18:00:08
68,JVC,MARILENE,2026-01-06,,,False,0,0,ORCAMENTO,2080.0,2026-01-15 18:00:08,2026-01-15 18:00:08
72,TOPFLOW,CARLA,2026-01-06,,,False,0,0,ORCAMENTO,1212.9,2026-01-15 18:00:08,2026-01-15 18:00:08
73,CONSORCIO ROTARIA MCA -,ARTHUR,2026-01-06,,,False,0,0,ORCAMENTO,5600.0,2026-01-15 18:00:08,2026-01-15 18:00:08
74,ACOFOR,MARILENE,2026-01-07,2026-01-07,,True,2,2,PEDIDO,4070.0,2026-01-15 18:00:08,2026-01-15 18:00:08
75,ALMAD -,ARTHUR,2026-01-07,,,False,0,0,ORCAMENTO,3786.0,2026-01-15 18:00:08,2026-01-15 18:00:08
76,BETAWORKS,CARLA,2026-01-07,,,False,0,0,ORCAMENTO,6630.0,2026-01-15 18:00:08,2026-01-15 18:00:08
78,BETAWORKS,MARILENE,2026-01-07,,,False,0,0,ORCAMENTO,2515.8,2026-01-15 18:00:08,2026-01-15 18:00:08
79,ACEPIL,CARLA,2026-01-07,,,False,0,0,ORCAMENTO,12660.0,2026-01-15 18:00:08,2026-01-15 18:00:08
80,LTR,MARILENE,2026-01-07,,,False,0,0,ORCAMENTO,16860.0,2026-01-15 18:00:08,2026-01-15 18:00:08
81,LYOTECH,CARLA,2026-01-07,,,False,0,0,ORCAMENTO,2812.1,2026-01-15 18:00:08,2026-01-15 18:00:08
82,,,,2026-01-07,,False,0,0,PEDIDO,8190.0,2026-01-15 18:00:08,2026-01-15 18:00:08
83,WORTEC,MARILENE,2026-01-07,,,False,0,0,ORCAMENTO,3636.0,2026-01-15 18:00:08,2026-01-15 18:00:08
85,FRANIK,CARLA,2026-01-07,,,False,0,0,ORCAMENTO,2852.85,2026-01-15 18:00:08,2026-01-15 18:00:08
87,FRANIK,CARLA,2026-01-07,,,False,0,0,ORCAMENTO,886.6,2026-01-15 18:00:08,2026-01-15 18:00:08
88,GRADIAL,MARILENE,2026-01-07,,,False,0,0,ORCAMENTO,1072.5,2026-01-15 18:00:08,2026-01-15 18:00:08
90,GD MANUTENÇÃO,MARILENE,2026-01-08,,,False,0,0,ORCAMENTO,3625.0,2026-01-15 18:00:08,2026-01-15 18:00:08
91,ACEPIL,CARLA,2026-01-08,,,False,0,0,ORCAMENTO,902.4,2026-01-15 18:00:08,2026-01-15 18:00:08
92,CIRCULO MILITAR,MARILENE,2026-01-08,,,False,0,0,ORCAMENTO,3200.0,2026-01-15 18:00:08,2026-01-15 18:00:08
93,,,2026-01-08,,,False,0,0,ORCAMENTO,395.0,2026-01-15 18:00:08,2026-01-15 18:00:08
94,HIDROTUBE,MARILENE,2026-01-08,,,False,0,0,ORCAMENTO,754.0,2026-01-15 18:00:08,2026-01-15 18:00:08
95,ACEPIL,CARLA,2026-01-08,,,False,0,0,ORCAMENTO,6120.0,2026-01-15 18:00:08,2026-01-15 18:00:08
96,MFM FSANTOS,MARILENE,2026-01-08,,,False,0,0,ORCAMENTO,38685.0,2026-01-15 18:00:08,2026-01-15 18:00:08
97,RIMAR,MARILENE,2026-01-08,,,False,0,0,ORCAMENTO,1156.0,2026-01-15 18:00:08,2026-01-15 18:00:08
98,MAGSTEEL,MARILENE,2026-01-08,,,False,0,0,ORCAMENTO,624.0,2026-01-15 18:00:08,2026-01-15 18:00:08
99,ACEPIL,CARLA,2026-01-08,,,False,0,0,ORCAMENTO,468.0,2026-01-15 18:00:08,2026-01-15 18:00:08
100,TERMOFILTRO,CARLA,2026-01-08,2026-01-19,2026-01-20,False,0,0,FATURADO,2430.0,2026-01-15 18:00:08,2026-01-21 16:59:32
102,VIBROPAC,CARLA,2026-01-08,,,False,0,0,ORCAMENTO,720.85,2026-01-15 18:00:08,2026-01-15 18:00:08
104,NEPIN,CARLA,2026-01-08,,,False,0,0,ORCAMENTO,2290.51,2026-01-15 18:00:08,2026-01-15 18:00:08
105,ACEPIL,CARLA,2026-01-08,,,False,0,0,ORCAMENTO,3120.0,2026-01-15 18:00:08,2026-01-15 18:00:08
106,NOVA OPÇÃO,CARLA,2026-01-08,,,False,0,0,ORCAMENTO,4000.0,2026-01-15 18:00:08,2026-01-15 18:00:08
108,CBV -,ARTHUR,2026-01-08,,,True,1,1,ORCAMENTO,3480.0,2026-01-15 18:00:08,2026-01-15 18:00:08
109,AIR PRODUCTS,MARILENE,2026-01-08,,,False,0,0,ORCAMENTO,6800.0,2026-01-15 18:00:08,2026-01-15 18:00:08
110,EMG,CARLA,2026-01-08,,,False,0,0,ORCAMENTO,1132.0,2026-01-15 18:00:08,2026-01-15 18:00:08
114,AC AUTOMAÇÃO INDPARTS,MARILENE,2026-01-09,,,False,0,0,ORCAMENTO,5008.0,2026-01-15 18:00:08,2026-01-15 18:00:08
115,ASSISTECH,MARILENE,2026-01-09,,,True,1,1,ORCAMENTO,15838.0,2026-01-15 18:00:08,2026-01-15 18:00:08
116,GENSETEC -,ARTHUR,2026-01-09,,,False,0,0,ORCAMENTO,3074.0,2026-01-15 18:00:08,2026-01-15 18:00:08
119,ONSTOQ SERVICOS -,ARTHUR,2026-01-09,,,False,0,0,ORCAMENTO,12600.0,2026-01-15 18:00:08,2026-01-15 18:00:08
120,CBV,CARLA,2026-01-09,,,False,0,0,ORCAMENTO,12660.0,2026-01-15 18:00:08,2026-01-15 18:00:08
124,TOPFLOW,CARLA,2026-01-09,,,False,0,0,ORCAMENTO,420.55,2026-01-15 18:00:08,2026-01-15 18:00:08
126,IRON TEC,MARILENE,2026-01-12,,,False,0,0,ORCAMENTO,15838.0,2026-01-15 18:00:08,2026-01-15 18:00:08
131,TOPFLOW,CARLA,2026-01-12,,,False,0,0,ORCAMENTO,79266.0,2026-01-15 18:00:08,2026-01-15 18:00:08
132,RESECO,CARLA,2026-01-12,2026-01-19,2026-01-19,False,0,0,FATURADO,498.0,2026-01-15 18:00:08,2026-01-21 16:59:32
134,BETAWORKS,CARLA,2026-01-12,,,False,0,0,ORCAMENTO,796.25,2026-01-15 18:00:08,2026-01-15 18:00:08
135,CBV,CARLA,2026-01-12,,,False,0,0,ORCAMENTO,1119.6,2026-01-15 18:00:08,2026-01-15 18:00:08
137,ATTC,CARLA,2026-01-12,2026-01-21,2026-01-21,False,0,0,FATURADO,347.1,2026-01-15 18:00:08,2026-01-21 16:59:32
138,BRS,CARLA,2026-01-12,,,False,0,0,ORCAMENTO,420.0,2026-01-15 18:00:08,2026-01-15 18:00:08
139,MAGNESITA,MARILENE,2026-01-12,,,False,0,0,ORCAMENTO,1023.0,2026-01-15 18:00:08,2026-01-15 18:00:08
141,NALUSI,MARILENE,2026-01-12,,,False,0,0,ORCAMENTO,2534.0,2026-01-15 18:00:08,2026-01-15 18:00:08
145,ALJAVA,CARLA,2026-01-12,2026-01-15,2026-01-16,False,0,0,FATURADO,4137.0,2026-01-15 18:00:08,2026-01-16 16:53:26
146,IND FRIG BOA CARNE,CARLA,2026-01-12,,,True,1,1,ORCAMENTO,2774.0,2026-01-15 18:00:08,2026-01-15 18:00:08
147,CML ELETRICA PJ,CARLA,2026-01-12,,,False,0,0,ORCAMENTO,2032.0,2026-01-15 18:00:08,2026-01-15 18:00:08
148,ASSISTECAL,CARLA,2026-01-13,2026-01-16,2026-01-16,False,0,0,FATURADO,614.0,2026-01-15 18:00:08,2026-01-16 16:53:26
149,ACEPIL,CARLA,2026-01-13,,,False,0,0,ORCAMENTO,2632.2,2026-01-15 18:00:08,2026-01-15 18:00:08
150,ACEPIL,CARLA,2026-01-13,,,False,0,0,ORCAMENTO,2368.8,2026-01-15 18:00:08,2026-01-15 18:00:08
152,,,,2026-01-13,,False,0,0,PEDIDO,30320.0,2026-01-15 18:00:08,2026-01-15 18:00:08
154,BLUVAL -,ARTHUR,2026-01-13,,,False,0,0,ORCAMENTO,53524.0,2026-01-15 18:00:08,2026-01-15 18:00:08
155,INMAR,MARILENE,2026-01-13,2026-01-19,2026-01-20,False,0,0,FATURADO,8220.0,2026-01-15 18:00:08,2026-01-21 16:59:32
156,NEPIN,CARLA,2026-01-13,,,False,0,0,ORCAMENTO,10879.38,2026-01-15 18:00:08,2026-01-15 18:00:08
158,MENKAR,MARILENE,2026-01-13,,,False,0,0,ORCAMENTO,14897.0,2026-01-15 18:00:08,2026-01-15 18:00:08
159,BVI,MARILENE,2026-01-13,2026-01-15,2026-01-16,False,0,0,FATURADO,4688.0,2026-01-15 18:00:08,2026-01-16 16:53:26
160,BVI,MARILENE,2026-01-13,,,False,0,0,ORCAMENTO,3196.0,2026-01-15 18:00:08,2026-01-15 18:00:08
161,BVI,MARILENE,2026-01-13,2026-01-16,2026-01-16,False,0,0,FATURADO,650.0,2026-01-15 18:00:08,2026-01-16 16:53:26
162,BVI,MARILENE,2026-01-13,,,False,0,0,ORCAMENTO,12000.0,2026-01-15 18:00:08,2026-01-15 18:00:08
163,ACEPIL,CARLA,2026-01-13,,,False,0,0,ORCAMENTO,37890.0,2026-01-15 18:00:08,2026-01-15 18:00:08
164,TYPE COMERCIO,MARILENE,2026-01-13,,,False,0,0,ORCAMENTO,22500.0,2026-01-15 18:00:08,2026-01-15 18:00:08
167,ACEPIL,CARLA,2026-01-13,,,False,0,0,ORCAMENTO,16464.0,2026-01-15 18:00:08,2026-01-15 18:00:08
168,LEO VALVULAS,MARILENE,2026-01-14,,,False,0,0,ORCAMENTO,3560.0,2026-01-15 18:00:08,2026-01-15 18:00:08
169,EFATA,MARILENE,2026-01-14,,,False,0,0,ORCAMENTO,1706.0,2026-01-15 18:00:08,2026-01-15 18:00:08
170,NEOLIDER,MARILENE,2026-01-14,,,False,0,0,ORCAMENTO,8804.0,2026-01-15 18:00:08,2026-01-15 18:00:08
171,VAPOR TOTAL,CARLA,2026-01-14,,,False,0,0,ORCAMENTO,2636.0,2026-01-15 18:00:08,2026-01-15 18:00:08
172,DINAMICA,CARLA,2026-01-14,,,False,0,0,ORCAMENTO,34747.5,2026-01-15 18:00:08,2026-01-15 18:00:08
173,HIDRAUPAC,MARILENE,2026-01-14,,,False,0,0,ORCAMENTO,8274.0,2026-01-15 18:00:08,2026-01-15 18:00:08
174,CBV,CARLA,2026-01-14,,,False,0,0,ORCAMENTO,339.0,2026-01-15 18:00:08,2026-01-15 18:00:08
175,ACEPIL,CARLA,2026-01-14,,,False,0,0,ORCAMENTO,266.4,2026-01-15 18:00:08,2026-01-15 18:00:08
176,RENOVENT,CARLA,2026-01-14,,,False,0,0,ORCAMENTO,255.0,2026-01-15 18:00:08,2026-01-15 18:00:08
177,ACEPIL,CARLA,2026-01-14,,,False,0,0,ORCAMENTO,267000.0,2026-01-15 18:00:08,2026-01-15 18:00:08
178,ACEPIL,CARLA,2026-01-14,,,False,0,0,ORCAMENTO,1242.0,2026-01-15 18:00:08,2026-01-15 18:00:08
179,DILEVAL,ROMULO,2026-01-14,,,False,0,0,ORCAMENTO,12662.0,2026-01-15 18:00:08,2026-01-15 18:00:08
180,CB CAMPINAS,MARILENE,2026-01-14,2026-01-21,2026-01-21,False,0,0,FATURADO,1423.0,2026-01-15 18:00:08,2026-01-21 16:59:32
181,,,,2026-01-14,,False,0,0,PEDIDO,13200.0,2026-01-15 18:00:08,2026-01-15 18:00:08
182,SUZUKI,MARILENE,2026-01-14,2026-01-16,2026-01-19,False,0,0,FATURADO,546.0,2026-01-15 18:00:08,2026-01-21 16:59:32
183,FILMACH,MARILENE,2026-01-14,2026-01-21,,False,0,0,PEDIDO,6584.0,2026-01-15 18:00:08,2026-01-21 16:59:32
184,CBV,CARLA,2026-01-14,,,False,0,0,ORCAMENTO,607.8,2026-01-15 18:00:08,2026-01-15 18:00:08
186,PROLUMINAS,CARLA,2026-01-14,,,False,0,0,ORCAMENTO,3300.0,2026-01-15 18:00:08,2026-01-15 18:00:08
187,ZARAPLAST,MARILENE,2026-01-14,,,False,0,0,ORCAMENTO,2800.0,2026-01-15 18:00:08,2026-01-15 18:00:08
188,DINAMICA,CARLA,2026-01-14,,,False,0,0,ORCAMENTO,6675.0,2026-01-15 18:00:08,2026-01-15 18:00:08
189,ACEPIL,CARLA,2026-01-14,,,False,0,0,ORCAMENTO,359.4,2026-01-15 18:00:08,2026-01-15 18:00:08
190,LEO VALVULAS,CARLA,2026-01-14,,,False,0,0,ORCAMENTO,2576.0,2026-01-15 18:00:08,2026-01-15 18:00:08
191,VALFLAN,ROMULO,2026-01-14,,,False,0,0,ORCAMENTO,1911.0,2026-01-15 18:00:08,2026-01-15 18:00:08
192,ACEPIL,MARILENE,2026-01-14,,,False,0,0,ORCAMENTO,2124.0,2026-01-15 18:00:08,2026-01-15 18:00:08
193,VALCONCIL,CARLA,2026-01-14,,,False,0,0,ORCAMENTO,19466.0,2026-01-15 18:00:08,2026-01-15 18:00:08
195,AGROINDUSTRIAL DALLA,MARILENE,2026-01-14,,,False,0,0,ORCAMENTO,2130.0,2026-01-15 18:00:08,2026-01-15 18:00:08
196,VELTHA,CARLA,2026-01-14,,,False,0,0,ORCAMENTO,3323.0,2026-01-15 18:00:08,2026-01-15 18:00:08
198,NETZSCH,MARILENE,2026-01-14,,,False,0,0,ORCAMENTO,8505.0,2026-01-15 18:00:08,2026-01-15 18:00:08
200,VEDAFORT,ROMULO,2026-01-14,,,False,0,0,ORCAMENTO,5856.0,2026-01-15 18:00:08,2026-01-15 18:00:08
201,OPEN,CARLA,2026-01-14,,,False,0,0,ORCAMENTO,4390.0,2026-01-15 18:00:08,2026-01-15 18:00:08
202,ARS,MARILENE,2026-01-14,,,False,0,0,ORCAMENTO,3394.0,2026-01-15 18:00:08,2026-01-15 18:00:08
207,ACEPIL,CARLA,2026-01-14,,,False,0,0,ORCAMENTO,780.0,2026-01-15 18:00:08,2026-01-15 18:00:08
209,ACEPIL,MARILENE,2026-01-14,2026-01-20,2026-01-20,False,0,0,FATURADO,340.2,2026-01-15 18:00:08,2026-01-21 16:59:32
210,AEF,CARLA,2026-01-15,,,False,0,0,ORCAMENTO,6230.0,2026-01-15 18:00:08,2026-01-15 18:00:08
211,VEOLIA -,ARTHUR,2026-01-15,,,False,0,0,ORCAMENTO,947.0,2026-01-15 18:00:08,2026-01-15 18:00:08
212,BLUVAL -,ARTHUR,2026-01-15,,,False,0,0,ORCAMENTO,4728.0,2026-01-15 18:00:08,2026-01-15 18:00:08
213,PRIMASERRA,CARLA,2026-01-15,,,False,0,0,ORCAMENTO,1008.0,2026-01-15 18:00:08,2026-01-15 18:00:08
214,,,2026-01-15,,,False,0,0,ORCAMENTO,0.0,2026-01-15 18:00:08,2026-01-15 18:00:08
215,ACEPIL,MARILENE,2026-01-15,,,False,0,0,ORCAMENTO,469.2,2026-01-15 18:00:08,2026-01-15 18:00:08
216,ASTER,CARLA,2026-01-15,2026-01-19,2026-01-20,False,0,0,FATURADO,3700.0,2026-01-15 18:00:08,2026-01-21 16:59:32
217,VANASA -,ARTHUR,2026-01-15,2026-01-20,,False,0,0,PEDIDO,9000.0,2026-01-15 18:00:08,2026-01-21 16:59:32
218,PIVODRIP,CARLA,2026-01-15,,,False,0,0,ORCAMENTO,2450.0,2026-01-15 18:00:08,2026-01-15 18:00:08
219,JDC,CARLA,2026-01-15,,,False,0,0,ORCAMENTO,1632.0,2026-01-15 18:00:08,2026-01-15 18:00:08
220,ACEPIL,CARLA,2026-01-15,,,False,0,0,ORCAMENTO,816.0,2026-01-15 18:00:08,2026-01-15 18:00:08
221,GRADIAL,ROMULO,2026-01-15,,,False,0,0,ORCAMENTO,5600.0,2026-01-15 18:00:08,2026-01-15 18:00:08
222,A SEMOL,MARILENE,2026-01-15,,,False,0,0,ORCAMENTO,12000.0,2026-01-15 18:00:08,2026-01-15 18:00:08
223,EMBRAPAC,CARLA,2026-01-15,,,False,0,0,ORCAMENTO,696.0,2026-01-15 18:00:08,2026-01-15 18:00:08
224,AR FILTRO,MARILENE,2026-01-15,,,False,0,0,ORCAMENTO,16940.0,2026-01-15 18:00:08,2026-01-15 18:00:08
225,FALANGA,ROMULO,2026-01-15,,,False,0,0,ORCAMENTO,288.0,2026-01-15 18:00:08,2026-01-15 18:00:08
226,NEPIN,CARLA,2026-01-15,,,False,0,0,ORCAMENTO,2305.45,2026-01-15 18:00:08,2026-01-15 18:00:08
227,ACEPIL,CARLA,2026-01-15,,,False,0,0,ORCAMENTO,609.6,2026-01-15 18:00:08,2026-01-15 18:00:08
228,ACEPIL,CARLA,2026-01-15,,,False,0,0,ORCAMENTO,12798.0,2026-01-15 18:00:08,2026-01-15 18:00:08
229,LEO VALVULAS,ROMULO,2026-01-15,,,False,0,0,ORCAMENTO,2085.0,2026-01-15 18:00:08,2026-01-15 18:00:08
230,ACEPIL,CARLA,2026-01-15,,,False,0,0,ORCAMENTO,3184.0,2026-01-15 18:00:08,2026-01-15 18:00:08
231,HANTECH,MARILENE,2026-01-15,2026-01-19,,False,0,0,PEDIDO,2794.0,2026-01-15 18:00:08,2026-01-21 16:59:32
232,NOFOR,CARLA,2026-01-15,,,False,0,0,ORCAMENTO,17355.0,2026-01-15 18:00:08,2026-01-15 18:00:08
233,BOMAFA,MARILENE,2026-01-15,,,False,0,0,ORCAMENTO,1422.0,2026-01-15 18:00:08,2026-01-15 18:00:08
234,BVI,ROMULO,2026-01-15,,,False,0,0,ORCAMENTO,3330.0,2026-01-15 18:00:08,2026-01-15 18:00:08
235,,,,2026-01-15,2026-01-16,False,0,0,FATURADO,717.6,2026-01-15 18:00:08,2026-01-16 16:53:26
236,ACEPIL,CARLA,2026-01-15,,,False,0,0,ORCAMENTO,398.0,2026-01-15 18:00:08,2026-01-15 18:00:08
238,FLUID FEEDER,MARILENE,2026-01-15,,,False,0,0,ORCAMENTO,445.0,2026-01-15 18:00:08,2026-01-15 18:00:08
5848,,,,2026-01-05,2026-01-05,False,0,0,FATURADO,2567.0,2026-01-15 18:00:08,2026-01-15 18:00:08
5907,,,,2026-01-05,2026-01-05,False,0,0,FATURADO,3612.0,2026-01-15 18:00:08,2026-01-15 18:00:08
5909,,,,2026-01-05,2026-01-05,False,0,0,FATURADO,3040.0,2026-01-15 18:00:08,2026-01-15 18:00:08
5912,,,,2026-01-05,2026-01-05,False,0,0,FATURADO,1380.0,2026-01-15 18:00:08,2026-01-15 18:00:08
21,ALMEIDA E LIMA,MARILENE,2026-01-05,2026-01-05,2026-01-05,False,0,0,FATURADO,1245.0,2026-01-15 18:00:08,2026-01-15 18:00:08
25,WALLPETRO,MARILENE,2026-01-05,2026-01-05,2026-01-05,False,0,0,FATURADO,2172.0,2026-01-15 18:00:08,2026-01-15 18:00:08
31,SEW EURODRIVE,MARILENE,2026-01-05,2026-01-05,2026-01-05,False,0,0,FATURADO,1327.0,2026-01-15 18:00:08,2026-01-15 18:00:08
5695,,,,2026-01-06,2026-01-06,False,0,0,FATURADO,2080.0,2026-01-15 18:00:08,2026-01-15 18:00:08
4,WORLD COMPRESSORES -,ARTHUR,2026-01-05,2026-01-06,2026-01-06,True,1,1,FATURADO,598.0,2026-01-15 18:00:08,2026-01-15 18:00:08
17,PROMAX,MARILENE,2026-01-05,2026-01-06,2026-01-06,True,1,1,FATURADO,3570.0,2026-01-15 18:00:08,2026-01-15 18:00:08
22,ENERG,MARILENE,2026-01-05,2026-01-06,2026-01-06,False,0,0,FATURADO,1190.0,2026-01-15 18:00:08,2026-01-15 18:00:08
28,,,,2026-01-05,2026-01-06,False,0,0,FATURADO,10950.0,2026-01-15 18:00:08,2026-01-15 18:00:08
39,BR MANUTENÇÃO -,ARTHUR,2026-01-05,2026-01-06,2026-01-06,False,0,0,FATURADO,6079.0,2026-01-15 18:00:08,2026-01-15 18:00:08
55,VIENA SIDERURGICA,MARILENE,2026-01-06,2026-01-06,2026-01-06,True,1,1,FATURADO,5320.0,2026-01-15 18:00:08,2026-01-15 18:00:08
8,CANPACK,MARILENE,2026-01-05,2026-01-07,2026-01-07,False,0,0,FATURADO,5094.0,2026-01-15 18:00:08,2026-01-15 18:00:08
23,BETAWORKS,CARLA,2026-01-05,2026-01-06,2026-01-07,False,0,0,FATURADO,943.0,2026-01-15 18:00:08,2026-01-15 18:00:08
67,NRB,MARILENE,2026-01-06,2026-01-06,2026-01-07,False,0,0,FATURADO,2080.0,2026-01-15 18:00:08,2026-01-15 18:00:08
69,SOURTEC,CARLA,2026-01-06,2026-01-07,2026-01-07,False,0,0,FATURADO,1151.0,2026-01-15 18:00:08,2026-01-15 18:00:08
4905,,,,2026-01-08,2026-01-08,False,0,0,FATURADO,1194.0,2026-01-15 18:00:08,2026-01-15 18:00:08
5821,,,,2026-01-08,2026-01-08,False,0,0,FATURADO,5070.0,2026-01-15 18:00:08,2026-01-15 18:00:08
5,ACEPIL,CARLA,2026-01-05,2026-01-07,2026-01-08,True,2,2,FATURADO,8995.2,2026-01-15 18:00:08,2026-01-15 18:00:08
7,METAL CRYO,CARLA,2026-01-05,2026-01-08,2026-01-08,True,1,1,FATURADO,3540.0,2026-01-15 18:00:08,2026-01-15 18:00:08
34,DACARTO,MARILENE,2026-01-05,2026-01-08,2026-01-08,False,0,0,FATURADO,5960.0,2026-01-15 18:00:08,2026-01-15 18:00:08
45,NOFOR,CARLA,2026-01-06,2026-01-08,2026-01-08,False,0,0,FATURADO,1680.0,2026-01-15 18:00:08,2026-01-15 18:00:08
71,CBV,MARILENE,2026-01-06,2026-01-08,2026-01-08,False,0,0,FATURADO,3120.0,2026-01-15 18:00:08,2026-01-15 18:00:08
84,REFRIAC,MARILENE,2026-01-07,2026-01-08,2026-01-08,False,0,0,FATURADO,2661.0,2026-01-15 18:00:08,2026-01-15 18:00:08
101,,,,2026-01-08,2026-01-08,False,0,0,FATURADO,1200.0,2026-01-15 18:00:08,2026-01-15 18:00:08
107,W VENTILADORES,MARILENE,2026-01-08,2026-01-08,2026-01-08,False,0,0,FATURADO,1071.0,2026-01-15 18:00:08,2026-01-15 18:00:08
11,GENWATT,CARLA,2026-01-05,2026-01-08,2026-01-09,False,0,0,FATURADO,450.0,2026-01-15 18:00:08,2026-01-15 18:00:08
103,PALMAR,CARLA,2026-01-08,2026-01-09,2026-01-09,False,0,0,FATURADO,851.6,2026-01-15 18:00:08,2026-01-15 18:00:08
113,RASPER,MARILENE,2026-01-09,2026-01-09,2026-01-09,False,0,0,FATURADO,1126.0,2026-01-15 18:00:08,2026-01-15 18:00:08
117,CL PHILIPS -,ARTHUR,2026-01-09,2026-01-09,2026-01-09,True,1,1,FATURADO,2394.0,2026-01-15 18:00:08,2026-01-15 18:00:08
47,DGC,CARLA,2026-01-06,2026-01-12,2026-01-12,True,1,1,FATURADO,1140.0,2026-01-15 18:00:08,2026-01-15 18:00:08
48,ENERG,MARILENE,2026-01-06,2026-01-12,2026-01-12,False,0,0,FATURADO,1921.0,2026-01-15 18:00:08,2026-01-15 18:00:08
86,ENGEMAQ,MARILENE,2026-01-07,2026-01-09,2026-01-12,False,0,0,FATURADO,4641.0,2026-01-15 18:00:08,2026-01-15 18:00:08
89,PW TECH -,ARTHUR,2026-01-07,2026-01-12,2026-01-12,True,4,4,FATURADO,1972.39,2026-01-15 18:00:08,2026-01-15 18:00:08
123,KRATF,MARILENE,2026-01-09,2026-01-12,2026-01-12,False,0,0,FATURADO,2826.0,2026-01-15 18:00:08,2026-01-15 18:00:08
125,MICROMASTER,MARILENE,2026-01-09,2026-01-12,2026-01-12,False,0,0,FATURADO,14845.0,2026-01-15 18:00:08,2026-01-15 18:00:08
133,WORLD -,ARTHUR,2026-01-12,2026-01-12,2026-01-12,False,0,0,FATURADO,808.0,2026-01-15 18:00:08,2026-01-15 18:00:08
136,KILOWATTS,CARLA,2026-01-12,2026-01-12,2026-01-12,False,0,0,FATURADO,989.0,2026-01-15 18:00:08,2026-01-15 18:00:08
142,NALU,MARILENE,2026-01-12,2026-01-12,2026-01-12,False,0,0,FATURADO,1048.0,2026-01-15 18:00:08,2026-01-15 18:00:08
607,EQUITHERM,MARILENE,2026-01-13,2026-01-13,2026-01-13,True,2,2,FATURADO,6040.0,2026-01-15 18:00:08,2026-01-15 18:00:08
3421,,,,2026-01-12,2026-01-13,False,0,0,FATURADO,14196.0,2026-01-15 18:00:08,2026-01-15 18:00:08
77,COMBUSTOL -,ARTHUR,2026-01-07,2026-01-12,2026-01-13,True,1,1,FATURADO,10940.0,2026-01-15 18:00:08,2026-01-15 18:00:08
111,RODRIAÇO -,ARTHUR,2026-01-08,2026-01-12,2026-01-13,True,1,1,FATURADO,422.95,2026-01-15 18:00:08,2026-01-15 18:00:08
118,COLD ENERGY -,ARTHUR,2026-01-12,2026-01-12,2026-01-13,False,0,0,FATURADO,590.0,2026-01-15 18:00:08,2026-01-15 18:00:08
122,HIDROTUBE,MARILENE,2026-01-09,2026-01-13,2026-01-13,False,0,0,FATURADO,797.2,2026-01-15 18:00:08,2026-01-15 18:00:08
130,ATS,MARILENE,2026-01-12,2026-01-13,2026-01-13,False,0,0,FATURADO,958.0,2026-01-15 18:00:08,2026-01-15 18:00:08
140,NOFOR,CARLA,2026-01-12,2026-01-13,2026-01-13,False,0,0,FATURADO,420.0,2026-01-15 18:00:08,2026-01-15 18:00:08
143,VENTITEC,MARILENE,2026-01-12,2026-01-12,2026-01-13,False,0,0,FATURADO,6272.0,2026-01-15 18:00:08,2026-01-15 18:00:08
144,MZ FLUID,MARILENE,2026-01-12,2026-01-13,2026-01-13,False,0,0,FATURADO,4823.0,2026-01-15 18:00:08,2026-01-15 18:00:08
151,XTEC,MARILENE,2026-01-13,2026-01-13,2026-01-13,True,1,1,FATURADO,5900.0,2026-01-15 18:00:08,2026-01-15 18:00:08
153,ATHIE,ROMULO,2026-01-13,2026-01-13,2026-01-13,False,0,0,FATURADO,776.0,2026-01-15 18:00:08,2026-01-15 18:00:08
157,,,,2026-01-13,2026-01-13,False,0,0,FATURADO,312.0,2026-01-15 18:00:08,2026-01-15 18:00:08
5665,,,,2026-01-14,2026-01-14,False,0,0,FATURADO,2597.0,2026-01-15 18:00:08,2026-01-15 18:00:08
5764,,,,2026-01-14,2026-01-14,False,0,0,FATURADO,622.0,2026-01-15 18:00:08,2026-01-15 18:00:08
112,EMBRAPAC,CARLA,2026-01-09,2026-01-14,2026-01-14,False,0,0,FATURADO,753.4,2026-01-15 18:00:08,2026-01-15 18:00:08
121,ICASA,MARILENE,2026-01-09,2026-01-14,2026-01-14,False,0,0,FATURADO,1560.0,2026-01-15 18:00:08,2026-01-15 18:00:08
127,CBV,CARLA,2026-01-12,2026-01-13,2026-01-14,False,0,0,FATURADO,2136.0,2026-01-15 18:00:08,2026-01-15 18:00:08
129,GIOVANI,CARLA,2026-01-12,2026-01-14,2026-01-14,False,0,0,FATURADO,2617.0,2026-01-15 18:00:08,2026-01-15 18:00:08
165,MEGATECK,MARILENE,2026-01-13,2026-01-13,2026-01-14,False,0,0,FATURADO,1078.0,2026-01-15 18:00:08,2026-01-15 18:00:08
166,ENGETRONIC,CARLA,2026-01-13,2026-01-13,2026-01-14,True,1,1,FATURADO,1379.7,2026-01-15 18:00:08,2026-01-15 18:00:08
185,BMB SOLUÇÕES,MARILENE,2026-01-14,2026-01-14,2026-01-14,False,0,0,FATURADO,3168.0,2026-01-15 18:00:08,2026-01-15 18:00:08
194,,,,2026-01-14,2026-01-14,False,0,0,FATURADO,667.2,2026-01-15 18:00:08,2026-01-15 18:00:08
5900,,,,2026-01-14,2026-01-15,False,0,0,FATURADO,5072.0,2026-01-15 18:00:08,2026-01-15 18:00:08
50,ACEPIL,CARLA,2026-01-06,2026-01-14,2026-01-15,False,0,0,FATURADO,217.8,2026-01-15 18:00:08,2026-01-15 18:00:08
70,CONECTUDO,MARILENE,2026-01-06,2026-01-15,2026-01-15,False,0,0,FATURADO,479.0,2026-01-15 18:00:08,2026-01-15 18:00:08
128,FOXX GAS,CARLA,2026-01-12,2026-01-14,2026-01-15,False,0,0,FATURADO,786.6,2026-01-15 18:00:08,2026-01-15 18:00:08
197,ENGNIC,CARLA,2026-01-14,2026-01-14,2026-01-15,False,0,0,FATURADO,1980.0,2026-01-15 18:00:08,2026-01-15 18:00:08
199,,,,2026-01-14,2026-01-15,False,0,0,FATURADO,535.0,2026-01-15 18:00:08,2026-01-15 18:00:08
203,DLS MAQUINAS,MARILENE,2026-01-14,2026-01-15,2026-01-15,False,0,0,FATURADO,1459.0,2026-01-15 18:00:08,2026-01-15 18:00:08
204,ALMANARA,MARILENE,2026-01-14,2026-01-15,2026-01-15,False,0,0,FATURADO,1631.0,2026-01-15 18:00:08,2026-01-15 18:00:08
205,ALMANARA,MARILENE,2026-01-14,2026-01-15,2026-01-15,False,0,0,FATURADO,1631.0,2026-01-15 18:00:08,2026-01-15 18:00:08
206,ALMANARA,MARILENE,2026-01-14,2026-01-15,2026-01-15,False,0,0,FATURADO,1631.0,2026-01-15 18:00:08,2026-01-15 18:00:08
208,USIMATIC,CARLA,2026-01-14,2026-01-15,2026-01-15,True,1,1,FATURADO,510.0,2026-01-15 18:00:08,2026-01-15 18:00:08
4390,,,,2025-09-23,2026-01-05,False,0,0,FATURADO,16800.0,2026-01-15 18:00:08,2026-01-15 18:00:08
5074,,,,2025-12-23,2026-01-05,False,0,0,FATURADO,4139.0,2026-01-15 18:00:08,2026-01-15 18:00:08
5345,,,,2025-11-14,2026-01-05,False,0,0,FATURADO,5024.0,2026-01-15 18:00:08,2026-01-15 18:00:08
5184,,,,2025-11-26,2026-01-06,False,0,0,FATURADO,32706.0,2026-01-15 18:00:08,2026-01-15 18:00:08
5562,,,,2025-11-28,2026-01-06,False,0,0,FATURADO,6570.0,2026-01-15 18:00:08,2026-01-15 18:00:08
5733,,,,2025-12-09,2026-01-06,False,0,0,FATURADO,19370.0,2026-01-15 18:00:08,2026-01-15 18:00:08
5740,,,,2025-12-18,2026-01-06,False,0,0,FATURADO,606.0,2026-01-15 18:00:08,2026-01-15 18:00:08
5870,,,,2025-12-18,2026-01-14,False,0,0,FATURADO,890.0,2026-01-15 18:00:08,2026-01-15 18:00:08
5158,,,,2026-01-16,2026-01-16,False,0,0,FATURADO,1282.8,2026-01-16 16:53:26,2026-01-16 16:53:26
239,HIDRAUSUPER,MARILENE,2026-01-16,,,False,0,0,ORCAMENTO,1490.0,2026-01-16 16:53:26,2026-01-16 16:53:26
240,CBV,CARLA,2026-01-16,,,False,0,0,ORCAMENTO,1008.0,2026-01-16 16:53:26,2026-01-16 16:53:26
241,ACEPIL,MARILENE,2026-01-16,,,False,0,0,ORCAMENTO,2598.0,2026-01-16 16:53:26,2026-01-16 16:53:26
242,ORANIO,CARLA,2026-01-16,,,False,0,0,ORCAMENTO,1563.59,2026-01-16 16:53:26,2026-01-16 16:53:26
243,,,,2026-01-16,,False,0,0,PEDIDO,31161.0,2026-01-16 16:53:26,2026-01-16 16:53:26
244,CHAMA,CARLA,2026-01-16,,,False,0,0,ORCAMENTO,2520.0,2026-01-16 16:53:26,2026-01-16 16:53:26
245,ASSISTECH,CARLA,2026-01-16,2026-01-19,2026-01-19,False,0,0,FATURADO,5400.0,2026-01-16 16:53:26,2026-01-21 16:59:32
246,NOVA TECNOLOGIA,CARLA,2026-01-16,,,False,0,0,ORCAMENTO,22817.2,2026-01-16 16:53:26,2026-01-16 16:53:26
247,F SANTOS,CARLA,2026-01-16,,,False,0,0,ORCAMENTO,24772.0,2026-01-16 16:53:26,2026-01-16 16:53:26
248,INMAR,MARILENE,2026-01-16,,,False,0,0,ORCAMENTO,544.0,2026-01-16 16:53:26,2026-01-16 16:53:26
249,SET POINT,CARLA,2026-01-16,,,False,0,0,ORCAMENTO,3100.0,2026-01-16 16:53:26,2026-01-16 16:53:26
250,EKO,MARILENE,2026-01-16,,,False,0,0,ORCAMENTO,547.0,2026-01-16 16:53:26,2026-01-16 16:53:26
251,ACEPIL,CARLA,2026-01-16,,,False,0,0,ORCAMENTO,2916.0,2026-01-16 16:53:26,2026-01-16 16:53:26
252,CBV,CARLA,2026-01-16,,,False,0,0,ORCAMENTO,373.2,2026-01-16 16:53:26,2026-01-16 16:53:26
253,JESSIKA,ROMULO,2026-01-16,,,False,0,0,ORCAMENTO,4036.0,2026-01-16 16:53:26,2026-01-16 16:53:26
254,MICROMASTER,MARILENE,2026-01-16,,,False,0,0,ORCAMENTO,5400.0,2026-01-16 16:53:26,2026-01-16 16:53:26
255,BVI,MARILENE,2026-01-16,2026-01-20,2026-01-20,False,0,0,FATURADO,5378.0,2026-01-16 16:53:26,2026-01-21 16:59:32
256,,,,2026-01-16,,False,0,0,PEDIDO,6570.0,2026-01-16 16:53:26,2026-01-16 16:53:26
257,MADUREIRA,MARILENE,2026-01-16,,,False,0,0,ORCAMENTO,9444.0,2026-01-16 16:53:26,2026-01-16 16:53:26
258,ACEPIL,MARILENE,2026-01-16,,,False,0,0,ORCAMENTO,3546.0,2026-01-16 16:53:26,2026-01-16 16:53:26
259,,,2026-01-16,,,False,0,0,ORCAMENTO,1520.0,2026-01-16 16:53:26,2026-01-16 16:53:26
260,FAZZOLO,MARILENE,2026-01-16,,,False,0,0,ORCAMENTO,530.0,2026-01-16 16:53:26,2026-01-16 16:53:26
261,ACQUALUR,CARLA,2026-01-16,,,False,0,0,ORCAMENTO,840.0,2026-01-16 16:53:26,2026-01-16 16:53:26
262,ARCHEA,CARLA,2026-01-16,2026-01-19,2026-01-19,False,0,0,FATURADO,2300.0,2026-01-16 16:53:26,2026-01-21 16:59:32
263,BULLS PET,CARLA,2026-01-16,,,False,0,0,ORCAMENTO,2636.0,2026-01-16 16:53:26,2026-01-16 16:53:26
264,FRANIK,CARLA,2026-01-16,,,False,0,0,ORCAMENTO,1641.25,2026-01-16 16:53:26,2026-01-16 16:53:26
265,CHAMA,CARLA,2026-01-16,2026-01-20,2026-01-20,False,0,0,FATURADO,4403.25,2026-01-16 16:53:26,2026-01-21 16:59:32
266,ACEPIL,MARILENE,2026-01-16,,,False,0,0,ORCAMENTO,56592.0,2026-01-16 16:53:26,2026-01-16 16:53:26
267,,,2026-01-16,,,False,0,0,ORCAMENTO,2738.0,2026-01-16 16:53:26,2026-01-16 16:53:26
268,INMAR,MARILENE,2026-01-16,,,False,0,0,ORCAMENTO,2984.0,2026-01-16 16:53:26,2026-01-16 16:53:26
269,DGC,CARLA,2026-01-16,,,False,0,0,ORCAMENTO,710.0,2026-01-16 16:53:26,2026-01-16 16:53:26
5783,,,,2025-12-19,2026-01-16,False,0,0,FATURADO,440.0,2026-01-16 16:53:26,2026-01-16 16:53:26
270,TM INST GAS GLP,MARILENE,2026-01-16,,,False,0,0,ORCAMENTO,2960.4,2026-01-21 16:59:32,2026-01-21 16:59:32
271,BVI,MARILENE,2026-01-16,,,False,0,0,ORCAMENTO,650.0,2026-01-21 16:59:32,2026-01-21 16:59:32
272,CBV,CARLA,2026-01-19,,,False,0,0,ORCAMENTO,909.0,2026-01-21 16:59:32,2026-01-21 16:59:32
273,FIEDLER,CARLA,2026-01-19,,,False,0,0,ORCAMENTO,1387.0,2026-01-21 16:59:32,2026-01-21 16:59:32
275,ALCONEX,ROMULO,2026-01-19,,,False,0,0,ORCAMENTO,33.0,2026-01-21 16:59:32,2026-01-21 16:59:32
276,ATTC,CARLA,2026-01-19,,,False,0,0,ORCAMENTO,2980.0,2026-01-21 16:59:32,2026-01-21 16:59:32
277,ACEPIL,CARLA,2026-01-19,,,False,0,0,ORCAMENTO,1977.6,2026-01-21 16:59:32,2026-01-21 16:59:32
278,ABS SISTEMAS,CARLA,2026-01-19,,,False,0,0,ORCAMENTO,637.0,2026-01-21 16:59:32,2026-01-21 16:59:32
280,A MACHADO,CARLA,2026-01-19,,,False,0,0,ORCAMENTO,600.0,2026-01-21 16:59:32,2026-01-21 16:59:32
281,ENGEPRESS,MARILENE,2026-01-19,,,False,0,0,ORCAMENTO,19740.0,2026-01-21 16:59:32,2026-01-21 16:59:32
282,ADATA,CARLA,2026-01-19,,,False,0,0,ORCAMENTO,5953.5,2026-01-21 16:59:32,2026-01-21 16:59:32
284,,,2026-01-19,,,False,0,0,ORCAMENTO,0.0,2026-01-21 16:59:32,2026-01-21 16:59:32
285,ACEPIL,CARLA,2026-01-19,,,False,0,0,ORCAMENTO,3327.0,2026-01-21 16:59:32,2026-01-21 16:59:32
286,TISI -,ROMULO,2026-01-19,,,True,2,2,ORCAMENTO,12048.0,2026-01-21 16:59:32,2026-01-21 16:59:32
287,VECTOR -,ARTHUR,2026-01-19,,,False,0,0,ORCAMENTO,9600.0,2026-01-21 16:59:32,2026-01-21 16:59:32
289,CRS,CARLA,2026-01-20,,,False,0,0,ORCAMENTO,2880.0,2026-01-21 16:59:32,2026-01-21 16:59:32
290,VALMINAS,CARLA,2026-01-20,,,False,0,0,ORCAMENTO,4054.0,2026-01-21 16:59:32,2026-01-21 16:59:32
291,GBV,CARLA,2026-01-20,,,False,0,0,ORCAMENTO,658.4,2026-01-21 16:59:32,2026-01-21 16:59:32
292,ACEPIL,CARLA,2026-01-20,,,False,0,0,ORCAMENTO,285.6,2026-01-21 16:59:32,2026-01-21 16:59:32
293,ACEPIL,CARLA,2026-01-20,,,False,0,0,ORCAMENTO,497.4,2026-01-21 16:59:32,2026-01-21 16:59:32
294,ACEPIL,CARLA,2026-01-20,,,False,0,0,ORCAMENTO,2294.0,2026-01-21 16:59:32,2026-01-21 16:59:32
295,ACEPIL -,ARTHUR,2026-01-20,,,True,1,1,ORCAMENTO,1174.0,2026-01-21 16:59:32,2026-01-21 16:59:32
296,ACEPIL -,ARTHUR,2026-01-20,,,False,0,0,ORCAMENTO,3780.0,2026-01-21 16:59:32,2026-01-21 16:59:32
297,TECUMSEH -,ARTHUR,2026-01-20,,,False,0,0,ORCAMENTO,799.0,2026-01-21 16:59:32,2026-01-21 16:59:32
298,SEW EURODRIVE -,ARTHUR,2026-01-20,,,False,0,0,ORCAMENTO,2654.0,2026-01-21 16:59:32,2026-01-21 16:59:32
299,SALLA -,ARTHUR,2026-01-20,2026-01-21,,True,1,1,PEDIDO,2304.0,2026-01-21 16:59:32,2026-01-21 16:59:32
300,RIMAR,CARLA,2026-01-21,,,False,0,0,ORCAMENTO,4655.77,2026-01-21 16:59:32,2026-01-21 16:59:32
301,ACEPIL,CARLA,2026-01-21,,,False,0,0,ORCAMENTO,588.0,2026-01-21 16:59:32,2026-01-21 16:59:32
302,MH EQUIP,CARLA,2026-01-21,,,False,0,0,ORCAMENTO,450.0,2026-01-21 16:59:32,2026-01-21 16:59:32
303,DINAMICA -,ARTHUR,2026-01-21,,,False,0,0,ORCAMENTO,9888.0,2026-01-21 16:59:32,2026-01-21 16:59:32
304,ACEPIL,CARLA,2026-01-21,,,False,0,0,ORCAMENTO,1311.0,2026-01-21 16:59:32,2026-01-21 16:59:32
305,,,,2026-01-21,,False,0,0,PEDIDO,2017.6,2026-01-21 16:59:32,2026-01-21 16:59:32
306,,,,2026-01-21,,False,0,0,PEDIDO,2120.0,2026-01-21 16:59:32,2026-01-21 16:59:32
308,ACEPIL,CARLA,2026-01-21,,,False,0,0,ORCAMENTO,2205.0,2026-01-21 16:59:32,2026-01-21 16:59:32
309,,,2026-01-21,,,False,0,0,ORCAMENTO,1664.0,2026-01-21 16:59:32,2026-01-21 16:59:32
310,LAR,CARLA,2026-01-21,,,False,0,0,ORCAMENTO,3048.0,2026-01-21 16:59:32,2026-01-21 16:59:32
311,ALEXMAR -,ARTHUR,2026-01-21,,,False,0,0,ORCAMENTO,832.0,2026-01-21 16:59:32,2026-01-21 16:59:32
312,M3 ARAMADOS,MARILENE,2026-01-21,2026-01-21,,False,0,0,PEDIDO,1536.0,2026-01-21 16:59:32,2026-01-21 16:59:32
313,KJOULE,CARLA,2026-01-21,,,True,1,1,ORCAMENTO,1972.2,2026-01-21 16:59:32,2026-01-21 16:59:32
314,ARTEC -,ARTHUR,2026-01-21,,,False,0,0,ORCAMENTO,1492.0,2026-01-21 16:59:32,2026-01-21 16:59:32
315,DIGISENSOR,MARILENE,2026-01-21,,,False,0,0,ORCAMENTO,2607.0,2026-01-21 16:59:32,2026-01-21 16:59:32
316,DMB,CARLA,2026-01-21,,,False,0,0,ORCAMENTO,840.0,2026-01-21 16:59:32,2026-01-21 16:59:32
317,POSTO MIME -,ARTHUR,2026-01-21,,,False,0,0,ORCAMENTO,2948.0,2026-01-21 16:59:32,2026-01-21 16:59:32
318,BVI,MARILENE,2026-01-21,,,False,0,0,ORCAMENTO,1950.0,2026-01-21 16:59:32,2026-01-21 16:59:32
319,BETAWORKS -,ARTHUR,2026-01-21,,,False,0,0,ORCAMENTO,5266.8,2026-01-21 16:59:32,2026-01-21 16:59:32
320,AÇOS VITAL -,ARTHUR,2026-01-21,,,False,0,0,ORCAMENTO,663.0,2026-01-21 16:59:32,2026-01-21 16:59:32
321,JH HIDRÁULICA,ROMULO,2026-01-21,,,False,0,0,ORCAMENTO,23680.0,2026-01-21 16:59:32,2026-01-21 16:59:32
322,SOLUTIE,MARILENE,2026-01-21,2026-01-21,,False,0,0,PEDIDO,15132.0,2026-01-21 16:59:32,2026-01-21 16:59:32
323,ANGULOS,MARILENE,2026-01-21,,,False,0,0,ORCAMENTO,605.0,2026-01-21 16:59:32,2026-01-21 16:59:32
324,DR AIR -,ARTHUR,2026-01-21,,,False,0,0,ORCAMENTO,547.0,2026-01-21 16:59:32,2026-01-21 16:59:32
325,SYSTEM -,ARTHUR,2026-01-21,,,False,0,0,ORCAMENTO,1086.0,2026-01-21 16:59:32,2026-01-21 16:59:32
326,TC SOLUCOES,CARLA,2026-01-21,,,False,0,0,ORCAMENTO,2925.0,2026-01-21 16:59:32,2026-01-21 16:59:32
327,QUADRILHA FUMAÇA,CARLA,2026-01-21,,,False,0,0,ORCAMENTO,2750.4,2026-01-21 16:59:32,2026-01-21 16:59:32
328,ABS SISTEMAS,CARLA,2026-01-21,,,False,0,0,ORCAMENTO,4308.0,2026-01-21 16:59:32,2026-01-21 16:59:32
329,ACEPIL,CARLA,2026-01-21,,,False,0,0,ORCAMENTO,1198.8,2026-01-21 16:59:32,2026-01-21 16:59:32
330,LUCIANO DE SOUZA,MARILENE,2026-01-21,,,False,0,0,ORCAMENTO,0.0,2026-01-21 16:59:32,2026-01-21 16:59:32
331,ABC FERRAZ,MARILENE,2026-01-21,,,False,0,0,ORCAMENTO,904.0,2026-01-21 16:59:32,2026-01-21 16:59:32
332,,,2026-01-21,,,False,0,0,ORCAMENTO,0.0,2026-01-21 16:59:32,2026-01-21 16:59:32
274,GAS SEG -,ARTHUR,2026-01-19,2026-01-19,2026-01-19,False,0,0,FATURADO,1080.35,2026-01-21 16:59:32,2026-01-21 16:59:32
5819,,,,2026-01-19,2026-01-20,False,0,0,FATURADO,1872.0,2026-01-21 16:59:32,2026-01-21 16:59:32
279,,GGALAN,2026-01-19,2026-01-20,2026-01-20,False,0,0,FATURADO,5400.0,2026-01-21 16:59:32,2026-01-21 16:59:32
288,,,,2026-01-19,2026-01-20,False,0,0,FATURADO,2472.0,2026-01-21 16:59:32,2026-01-21 16:59:32
4634,,,,2026-01-19,2026-01-21,False,0,0,FATURADO,873.9,2026-01-21 16:59:32,2026-01-21 16:59:32
4925,POPI -,ARTHUR,2026-01-20,2026-01-21,2026-01-21,True,1,1,FATURADO,560.0,2026-01-21 16:59:32,2026-01-21 16:59:32
4979,,,,2026-01-21,2026-01-21,False,0,0,FATURADO,13280.0,2026-01-21 16:59:32,2026-01-21 16:59:32
5888,,,,2026-01-21,2026-01-21,False,0,0,FATURADO,1117.2,2026-01-21 16:59:32,2026-01-21 16:59:32
283,PACKNOLOGY,MARILENE,2026-01-19,2026-01-19,2026-01-21,False,0,0,FATURADO,2337.0,2026-01-21 16:59:32,2026-01-21 16:59:32
307,JG,MARILENE,2026-01-21,2026-01-21,2026-01-21,False,0,0,FATURADO,1152.0,2026-01-21 16:59:32,2026-01-21 16:59:32
5498,,,,2025-11-28,2026-01-19,False,0,0,FATURADO,44970.0,2026-01-21 16:59:32,2026-01-21 16:59:32
